{"metadata":{"asset_id":"c1c69a0f-0f52-45d9-aacf-117c4a414adb","asset_attributes":["environment"],"name":"HackathonRun_time","asset_type":"environment","created_at":"2025-03-28T07:06:06Z","description":"","origin_country":"us","owner_id":"IBMid-692000CE2U","project_id":"5f12632b-d07c-452d-b305-513e210545bf","sandbox_id":"5f12632b-d07c-452d-b305-513e210545bf","size":0,"tags":["dsx"],"usage":{"last_update_time":1743145629190,"last_updated_at":"2025-03-28T07:07:09Z"}},"entity":{"environment":{"sub_type":"notebook","display_name":"HackathonRun_time","hardware_specification":{"type":"referenced","guid":"65c7efc6-6f3f-4529-9e21-2a34e10322a8"},"software_specification":{"type":"referenced","guid":"64880e9b-4487-48db-99ee-b0c7c7f20288"},"tools_specification":{"supported_kernels":[{"name":"python3","display_name":"Python 3.11","language":"python","version":"3.11"}],"notebook_extensions":[]}}}}
