{"metadata":{"asset_id":"65c7efc6-6f3f-4529-9e21-2a34e10322a8","asset_attributes":["hardware_specification"],"name":"HackathonRun_time","asset_type":"hardware_specification","created_at":"2025-03-28T07:06:05Z","description":"","origin_country":"us","owner_id":"IBMid-692000CE2U","project_id":"5f12632b-d07c-452d-b305-513e210545bf","sandbox_id":"5f12632b-d07c-452d-b305-513e210545bf","size":0,"tags":["dsx"],"usage":{"last_update_time":1743145565990,"last_updated_at":"2025-03-28T07:06:05Z"}},"entity":{"hardware_specification":{"nodes":{"cpu":{"units":"2","model":""},"mem":{"size":"8Gi"}}}}}
