{"metadata":{"asset_id":"0d82672b-33bc-4ec1-a381-d25945e4e394","asset_attributes":["notebook","location_definition"],"name":"SQL Code Generator","asset_type":"notebook","created_at":"2025-03-28T18:03:35Z","description":"","origin_country":"us","owner_id":"IBMid-692000CE2U","project_id":"5f12632b-d07c-452d-b305-513e210545bf","size":30654,"tags":["notebook"],"usage":{"last_update_time":1743359856397,"last_updated_at":"2025-03-30T18:37:36Z"}},"entity":{"notebook":{"kernel":{"name":"python3","display_name":"Python 3.11","language":"python"},"originates_from":{"type":"file"},"runtime":{"environment":"rt241pys1-5f12632b-d07c-452d-b305-513e210545bf"}},"location_definition":{"physical_location_code":"DAL","physical_location_code_assigned_by":"IBMid-692000CE2U","physical_location_code_rds_id":"c57cb90f-2126-3800-9c9f-9eab82021cdf","physical_location_code_rds_version":"00002024-0523-4141-8614-039342000000_4","physical_location_code_assignment_method":"INFERRED","physical_location_code_added_on":"1743144067658"}},"attachments":[{"id":"146e66e3-2228-4a41-aa7c-9beb5b037f02","version":2,"asset_type":"notebook","name":"attachment for notebook 0d82672b-33bc-4ec1-a381-d25945e4e394","description":"attachment for notebook 0d82672b-33bc-4ec1-a381-d25945e4e394","mime":"application/json","datasource_type":"193a97c1-4475-4a19-b90c-295c4fdc6517","object_key":"notebook/SQLCodeGenerator-wxnotebook__da__dh3abhe07j.ipynb","creator_id":"IBMid-692000CE2U","create_time":1743185018010,"size":30654,"is_remote":false,"is_managed":false,"is_referenced":true,"is_object_key_read_only":false,"is_user_provided_path_key":true,"transfer_complete":true,"is_partitioned":false,"complete_time_ticks":1743185018010,"user_data":{},"test_doc":0,"handle":{"bucket":"sqlcodegeneration-donotdelete-pr-arhnwojxgg9iip","location":"us-south","type":"bluemix_cos","key":"notebook/SQLCodeGenerator-wxnotebook__da__dh3abhe07j.ipynb","upload_id":"done","max_part_num":1},"usage":{"access_count":1,"last_accessor_id":"IBMid-692000CE2U","last_access_time":1743359856382,"last_updater_id":"IBMid-692000CE2U","last_update_time":1743359856382}}]}
