{"metadata":{"asset_id":"b6edd177-cc9b-4447-a321-49f092bc86d6","asset_attributes":["package_extension","location_definition"],"name":"Package Extension","asset_type":"package_extension","created_at":"2025-03-28T07:07:07Z","description":"Package Extensions created by environments-ui","origin_country":"us","owner_id":"IBMid-692000CE2U","project_id":"5f12632b-d07c-452d-b305-513e210545bf","sandbox_id":"5f12632b-d07c-452d-b305-513e210545bf","size":420,"tags":["dsx"],"usage":{"last_update_time":1743145634384,"last_updated_at":"2025-03-28T07:07:14Z"}},"entity":{"package_extension":{"type":"conda_yml","interpreter":"mamba","object_key":"package_extension/Package_Extension_CAJOu1kFy.yml"},"location_definition":{"physical_location_code":"DAL","physical_location_code_assigned_by":"IBMid-692000CE2U","physical_location_code_rds_id":"c57cb90f-2126-3800-9c9f-9eab82021cdf","physical_location_code_rds_version":"00002024-0523-4141-8614-039342000000_4","physical_location_code_assignment_method":"INFERRED","physical_location_code_added_on":"1743144067658"}},"attachments":[{"id":"49d10277-3e8c-4f2b-8d3a-e740e814a749","version":2,"asset_type":"package_extension","name":"attachment for package extension b6edd177-cc9b-4447-a321-49f092bc86d6","description":"attachment for package extension b6edd177-cc9b-4447-a321-49f092bc86d6","mime":"application/json","datasource_type":"193a97c1-4475-4a19-b90c-295c4fdc6517","object_key":"package_extension/Package_Extension_CAJOu1kFy.yml","creator_id":"IBMid-692000CE2U","create_time":1743145634383,"size":420,"is_remote":false,"is_managed":false,"is_referenced":true,"is_object_key_read_only":false,"is_user_provided_path_key":true,"transfer_complete":true,"is_partitioned":false,"complete_time_ticks":1743145634383,"user_data":{},"test_doc":0,"handle":{"bucket":"sqlcodegeneration-donotdelete-pr-arhnwojxgg9iip","location":"us-south","type":"bluemix_cos","key":"package_extension/Package_Extension_CAJOu1kFy.yml","upload_id":"done","max_part_num":1},"usage":{"access_count":0,"last_accessor_id":"IBMid-692000CE2U","last_access_time":1743145634383}}]}
