{"metadata":{"asset_id":"64880e9b-4487-48db-99ee-b0c7c7f20288","asset_attributes":["software_specification"],"name":"HackathonRun_time","asset_type":"software_specification","created_at":"2025-03-28T07:07:08Z","description":"","origin_country":"us","owner_id":"IBMid-692000CE2U","project_id":"5f12632b-d07c-452d-b305-513e210545bf","sandbox_id":"5f12632b-d07c-452d-b305-513e210545bf","size":0,"tags":["dsx"],"usage":{"last_update_time":1743145637064,"last_updated_at":"2025-03-28T07:07:17Z"}},"entity":{"software_specification":{"type":"derived","display_name":"HackathonRun_time","base_software_specification":{"guid":"45f12dfe-aa78-5b8d-9f38-0ee223c47309","href":"/v2/software_specifications/45f12dfe-aa78-5b8d-9f38-0ee223c47309"},"package_extensions":[{"guid":"b6edd177-cc9b-4447-a321-49f092bc86d6","href":"/v2/package_extensions/b6edd177-cc9b-4447-a321-49f092bc86d6"}]}}}
