{"metadata":{"name":"SQL Code Generator","description":"","asset_type":"wx_prompt","origin_country":"us","resource_key":"449b3aecbc360b0a2fe7102078d5a015dd9e907e6a97f587e383f8f0ffe83b50"},"entity":{"wx_prompt":{"input_mode":"freeform","task_ids":["code"],"is_template":true,"prompt_variables":{"user_input":{"default_value":"What is the total volume of timber sold by each salesperson, sorted by salesperson?"}},"locked_by":"IBMid-692000CE2U","lock_type":"edit"},"location_definition":{"physical_location_code":"DAL","physical_location_code_assigned_by":"IBMid-692000CE2U","physical_location_code_rds_id":"c57cb90f-2126-3800-9c9f-9eab82021cdf","physical_location_code_rds_version":"00002024-0523-4141-8614-039342000000_4","physical_location_code_assignment_method":"INFERRED","physical_location_code_added_on":"1741765593523"},"modelfacts_system":{"model_information":{"fm_id":"ibm/granite-34b-code-instruct"},"training_information":{},"project_details":{"environment_type":"development","is_environmenttype_openscale_value":false},"model_identity_information":{"model_identity_key":"449b3aecbc360b0a2fe7102078d5a015dd9e907e6a97f587e383f8f0ffe83b50"},"modelentry_information":{},"deployment_details":[]},"modelfacts_user":{}},"attachments":[{"id":"e91361be-03da-4559-8d5b-c86545e7a631","version":2,"asset_type":"wx_prompt","name":"SQLCodeGenerator.json","mime":"application/json","datasource_type":"193a97c1-4475-4a19-b90c-295c4fdc6517","object_key":"wx_prompt/SQLCodeGenerator__da__nlobrkic5t.json","creator_id":"iam-ServiceId-f49c5558-c247-4983-a04f-7d3c7a3d55da","create_time":1743185020114,"size":1112,"is_remote":false,"is_managed":false,"is_referenced":true,"is_object_key_read_only":false,"is_user_provided_path_key":true,"transfer_complete":true,"is_partitioned":false,"complete_time_ticks":1743185020114,"user_data":{},"test_doc":0,"handle":{"bucket":"sqlcodegeneration-donotdelete-pr-arhnwojxgg9iip","location":"us-south","type":"bluemix_cos","key":"wx_prompt/SQLCodeGenerator__da__nlobrkic5t.json","upload_id":"done","max_part_num":1},"usage":{"access_count":0,"last_accessor_id":"iam-ServiceId-f49c5558-c247-4983-a04f-7d3c7a3d55da","last_access_time":1743185020114}}]}
